{
  "policy categories": {
    "NAICS categories": [
      "11",
      "2213",
      "31-33",
      "325",
      "484",
      "44-45"
    ],
    "Interest of Company": [
      "neutral towards companies",
      "in support of companies"
    ],
    "Interest of Community": [
      "in support of communities"
    ],
    "type of policy": [
      "Subsidy, tax credit, program or funding",
      "Regulation",
      "Definition",
      "Study",
      "Logistics"
    ],
    "green energy/environment": "pro",
    "polluting/fossil fuel": "against"
  }
}