[
    {
      "text": "**Summary of Wisconsin Assembly Bill 72 (2011)** ...",
      "classification": {
        "policy categories": [
          {
            "NAICS categories": ["221115", "92"],
            "Interest of Company": "Policy position unclear on the interest of companies",
            "Interest of Community": "Policy not in support of the interest of community",
            "type of policy": "Regulation, shift in power unclear",
            "green energy/environment": "Policy position unclear on green energy or environment",
            "polluting/fossil fuel": "Policy with no clear effect on fossil fuel"
          }
        ]
      }
    },
    {
      "text": "**Summary of Wisconsin Assembly Bill 229 (2011)** ...",
      "classification": {
        "policy categories": [
          {
            "NAICS categories": ["221112", "53"],
            "Interest of Company": "Policy in support the interest of companies",
            "Interest of Community": "Policy not in support of the interest of community",
            "type of policy": "Regulation",
            "green energy/environment": "Policy with no support for green energy or environment",
            "polluting/fossil fuel": "Policy against fossil fuel"
          }
        ]
      }
    },
    {
      "text": "**Summary of Wisconsin Assembly Bill 160 (2011)** ...",
      "classification": {
        "policy categories": [
          {
            "NAICS categories": ["221112", "31-33"],
            "Interest of Company": "Policy in support the interest of companies",
            "Interest of Community": "Policy not in support of the interest of community",
            "type of policy": "Regulation",
            "green energy/environment": "Policy against green energy or environment",
            "polluting/fossil fuel": "Policy in support of fossil fuel"
          }
        ]
      }
    },
    {
      "text": "**Summary of Wisconsin Assembly Bill 627 (2011)** ...",
      "classification": {
        "policy categories": [
          {
            "NAICS categories": ["2213", "11", "31-33"],
            "Interest of Company": "Policy against the interest of companies",
            "Interest of Community": "Policy not in support of the interest of community",
            "type of policy": "Subsidy, tax credit, program or funding",
            "green energy/environment": "Policy supporting green energy or environment",
            "polluting/fossil fuel": "Policy against fossil fuel"
          }
        ]
      }
    },
    {
      "text": "**Summary of House File 555 (2021)** ...",
      "classification": {
        "policy categories": [
          {
            "NAICS categories": ["48-49"],
            "Interest of Company": "Policy against the interest of companies",
            "Interest of Community": "Policy not in support of the interest of community",
            "type of policy": "shift in power less local, regulation",
            "green energy/environment": "Policy with no support for green energy or environment",
            "polluting/fossil fuel": "Policy against fossil fuel"
          }
        ]
      }
    },
    {
      "text": "**Iowa House File 2446 (HF 2446), 2014** ...",
      "classification": {
        "policy categories": [
          {
            "NAICS categories": ["11", "48-49"],
            "Interest of Company": "Policy in support the interest of companies",
            "Interest of Community": "Policy not in support of the interest of community",
            "type of policy": "Subsidy, tax credit, program or funding",
            "green energy/environment": "Policy with no support for green energy or environment",
            "polluting/fossil fuel": "Policy in support of fossil fuel"
          }
        ]
      }
    },
    {
      "text": "**Iowa House File 2459** 2024 ...",
      "classification": {
        "policy categories": [
          {
            "NAICS categories": ["2213", "11", "31-33"],
            "Interest of Company": "Policy not in support of the interest of companies",
            "Interest of Community": "Policy in support the interest of community",
            "type of policy": "study and Logistics (boards, council,  and other appointments)",
            "green energy/environment": "Policy supporting green energy or environment",
            "polluting/fossil fuel": "Policy against fossil fuel"
          }
        ]
      }
    },
    {
      "text": "**SB138 2013 WI** ...",
      "classification": {
        "policy categories": [
          {
            "NAICS categories": ["212", "221112"],
            "Interest of Company": "Policy in support the interest of companies",
            "Interest of Community": "Policy not in support of the interest of community",
            "type of policy": "Regulation",
            "green energy/environment": "Policy with no support for green energy or environment",
            "polluting/fossil fuel": "Policy in support of fossil fuel"
          }
        ]
      }
    }
  ]
  