{
    "format": {
        "type": "json_schema",
        "name": "policy_classifier",
        "schema": {
            "type": "object",
            "properties": {
                "policy categories": {
                    "type": "object",
                    "properties": {
                        "NAICS categories": {
                            "type": ["array", "null"],
                            "description": "NAICS numbers that relates to the policy. Can take multiple values",
                            "items":{
                                "type": "string"
                            }
                        },
                        "Interest of Company": {
                            "type": ["array", "null"],
                            "description": "Are companies part of the interest group? Can take multiple values. Here, Not = No reference to companies.",
                            "items": {
                                "type": "string",
                                "enum": ["in support of companies", 
                                "against companies", 
                                "neutral towards companies",
                                "unclear",
                                "Not"]
                            }
                        },
                        "Interest of Community": {
                            "type": ["array", "null"],
                            "description": "Are communities part of the interest group? Can take multiple values. Here, Not = No reference to communities.",
                            "items": {
                                "type": "string",
                                "enum": ["in support of communities", 
                                "against communities", 
                                "neutral towards communities",
                                "unclear",
                                "Not"]
                            }
                        },
                        "type of policy": {
                            "type": ["array", "null"],
                            "items": {
                                "type": "string",
                                "enum": ["Tax increase, fee", 
                                "Regulation", 
                                "shift in power unclear", 
                                "shift in power more local", 
                                "shift in power less local", 
                                "shift in power more state",
                                "shift in power less state",
                                "shift in power more political",
                                "shift in power less political",
                                "shift in power less agencies-bureucracy",
                                "shift in power more agencies-bureucracy",
                                "Subsidy, tax credit, program or funding",
                                "Definition",
                                "Study",
                                "Logistics"]
                            }
                        },
                        "green energy/environment": {
                            "type": ["string", "null"],
                            "enum": [
                            "Not",
                            "pro", 
                            "against",
                            "unclear"]
                        },
                        "polluting/fossil fuel": {
                            "type": ["string", "null"],
                            "enum": [
                            "Not",
                            "pro", 
                            "against",
                            "unclear"]
                        }
                    }
                }
            }
        }
    }
}
